customer_id,true_risk_group
CUST0001,High_Risk
CUST0002,Low_Risk
CUST0003,Low_Risk
CUST0004,Low_Risk
CUST0005,High_Risk
CUST0006,High_Risk
CUST0007,Medium_Risk
CUST0008,Medium_Risk
CUST0009,Low_Risk
CUST0010,High_Risk
CUST0011,High_Risk
CUST0012,High_Risk
CUST0013,High_Risk
CUST0014,Medium_Risk
CUST0015,Medium_Risk
CUST0016,Medium_Risk
CUST0017,Low_Risk
CUST0018,Medium_Risk
CUST0019,High_Risk
CUST0020,Low_Risk
CUST0021,Medium_Risk
CUST0022,High_Risk
CUST0023,Medium_Risk
CUST0024,Medium_Risk
CUST0025,Low_Risk
CUST0026,High_Risk
CUST0027,Medium_Risk
CUST0028,High_Risk
CUST0029,Medium_Risk
CUST0030,High_Risk
CUST0031,Low_Risk
CUST0032,Low_Risk
CUST0033,Low_Risk
CUST0034,Low_Risk
CUST0035,Medium_Risk
CUST0036,Medium_Risk
CUST0037,Medium_Risk
CUST0038,Medium_Risk
CUST0039,Medium_Risk
CUST0040,High_Risk
CUST0041,Low_Risk
CUST0042,Low_Risk
CUST0043,Medium_Risk
CUST0044,Low_Risk
CUST0045,Low_Risk
CUST0046,Medium_Risk
CUST0047,Low_Risk
CUST0048,Medium_Risk
CUST0049,Low_Risk
CUST0050,High_Risk
CUST0051,Medium_Risk
CUST0052,High_Risk
CUST0053,Medium_Risk
CUST0054,Low_Risk
CUST0055,Low_Risk
CUST0056,Low_Risk
CUST0057,High_Risk
CUST0058,High_Risk
CUST0059,Low_Risk
CUST0060,Low_Risk
CUST0061,High_Risk
CUST0062,Medium_Risk
CUST0063,Low_Risk
CUST0064,Medium_Risk
CUST0065,Medium_Risk
CUST0066,Medium_Risk
CUST0067,Low_Risk
CUST0068,Low_Risk
CUST0069,High_Risk
CUST0070,High_Risk
CUST0071,High_Risk
CUST0072,Medium_Risk
CUST0073,Medium_Risk
CUST0074,Medium_Risk
CUST0075,Low_Risk
CUST0076,High_Risk
CUST0077,Medium_Risk
CUST0078,High_Risk
CUST0079,Low_Risk
CUST0080,Medium_Risk
CUST0081,Medium_Risk
CUST0082,Low_Risk
CUST0083,Medium_Risk
CUST0084,High_Risk
CUST0085,High_Risk
CUST0086,High_Risk
CUST0087,Low_Risk
CUST0088,Low_Risk
CUST0089,High_Risk
CUST0090,High_Risk
CUST0091,Low_Risk
CUST0092,High_Risk
CUST0093,High_Risk
CUST0094,Medium_Risk
CUST0095,Medium_Risk
CUST0096,Medium_Risk
CUST0097,Low_Risk
CUST0098,High_Risk
CUST0099,Low_Risk
CUST0100,Low_Risk
CUST0101,Medium_Risk
CUST0102,Low_Risk
CUST0103,Low_Risk
CUST0104,Low_Risk
CUST0105,High_Risk
CUST0106,Medium_Risk
CUST0107,High_Risk
CUST0108,Medium_Risk
CUST0109,High_Risk
CUST0110,Low_Risk
CUST0111,Medium_Risk
CUST0112,High_Risk
CUST0113,Medium_Risk
CUST0114,Low_Risk
CUST0115,Medium_Risk
CUST0116,Medium_Risk
CUST0117,High_Risk
CUST0118,Medium_Risk
CUST0119,High_Risk
CUST0120,Medium_Risk
CUST0121,High_Risk
CUST0122,Low_Risk
CUST0123,High_Risk
CUST0124,Low_Risk
CUST0125,Low_Risk
CUST0126,Low_Risk
CUST0127,Medium_Risk
CUST0128,High_Risk
CUST0129,Low_Risk
CUST0130,Low_Risk
CUST0131,Medium_Risk
CUST0132,Low_Risk
CUST0133,Medium_Risk
CUST0134,Low_Risk
CUST0135,Low_Risk
CUST0136,Medium_Risk
CUST0137,Low_Risk
CUST0138,Low_Risk
CUST0139,Medium_Risk
CUST0140,High_Risk
CUST0141,Medium_Risk
CUST0142,High_Risk
CUST0143,Medium_Risk
CUST0144,Low_Risk
CUST0145,Medium_Risk
CUST0146,Medium_Risk
CUST0147,Medium_Risk
CUST0148,Low_Risk
CUST0149,Low_Risk
CUST0150,Medium_Risk
CUST0151,Low_Risk
CUST0152,Medium_Risk
CUST0153,High_Risk
CUST0154,High_Risk
CUST0155,Low_Risk
CUST0156,High_Risk
CUST0157,Medium_Risk
CUST0158,High_Risk
CUST0159,Low_Risk
CUST0160,Medium_Risk
CUST0161,High_Risk
CUST0162,High_Risk
CUST0163,Medium_Risk
CUST0164,High_Risk
CUST0165,High_Risk
CUST0166,Medium_Risk
CUST0167,High_Risk
CUST0168,High_Risk
CUST0169,Low_Risk
CUST0170,Medium_Risk
CUST0171,Medium_Risk
CUST0172,Medium_Risk
CUST0173,Medium_Risk
CUST0174,Medium_Risk
CUST0175,Medium_Risk
CUST0176,High_Risk
CUST0177,Medium_Risk
CUST0178,Medium_Risk
CUST0179,Low_Risk
CUST0180,High_Risk
CUST0181,High_Risk
CUST0182,Low_Risk
CUST0183,High_Risk
CUST0184,High_Risk
CUST0185,Low_Risk
CUST0186,High_Risk
CUST0187,High_Risk
CUST0188,Low_Risk
CUST0189,High_Risk
CUST0190,Low_Risk
CUST0191,Medium_Risk
CUST0192,Low_Risk
CUST0193,Low_Risk
CUST0194,High_Risk
CUST0195,High_Risk
CUST0196,High_Risk
CUST0197,High_Risk
CUST0198,Low_Risk
CUST0199,Low_Risk
CUST0200,Medium_Risk
CUST0201,High_Risk
CUST0202,High_Risk
CUST0203,Medium_Risk
CUST0204,Low_Risk
CUST0205,High_Risk
CUST0206,Low_Risk
CUST0207,High_Risk
CUST0208,Low_Risk
CUST0209,Medium_Risk
CUST0210,Medium_Risk
CUST0211,Medium_Risk
CUST0212,Medium_Risk
CUST0213,Medium_Risk
CUST0214,Low_Risk
CUST0215,High_Risk
CUST0216,Low_Risk
CUST0217,Medium_Risk
CUST0218,Medium_Risk
CUST0219,Low_Risk
CUST0220,High_Risk
CUST0221,High_Risk
CUST0222,Medium_Risk
CUST0223,Low_Risk
CUST0224,Medium_Risk
CUST0225,High_Risk
CUST0226,Medium_Risk
CUST0227,High_Risk
CUST0228,High_Risk
CUST0229,High_Risk
CUST0230,High_Risk
CUST0231,Medium_Risk
CUST0232,Low_Risk
CUST0233,Low_Risk
CUST0234,Medium_Risk
CUST0235,Medium_Risk
CUST0236,Low_Risk
CUST0237,Medium_Risk
CUST0238,Low_Risk
CUST0239,Low_Risk
CUST0240,High_Risk
CUST0241,Medium_Risk
CUST0242,High_Risk
CUST0243,Low_Risk
CUST0244,High_Risk
CUST0245,Low_Risk
CUST0246,Low_Risk
CUST0247,Low_Risk
CUST0248,Low_Risk
CUST0249,Low_Risk
CUST0250,Low_Risk
CUST0251,Medium_Risk
CUST0252,Low_Risk
CUST0253,High_Risk
CUST0254,High_Risk
CUST0255,Low_Risk
CUST0256,Low_Risk
CUST0257,Medium_Risk
CUST0258,Low_Risk
CUST0259,Low_Risk
CUST0260,Low_Risk
CUST0261,Low_Risk
CUST0262,Medium_Risk
CUST0263,Medium_Risk
CUST0264,Medium_Risk
CUST0265,Medium_Risk
CUST0266,Low_Risk
CUST0267,Low_Risk
CUST0268,Low_Risk
CUST0269,Low_Risk
CUST0270,Low_Risk
CUST0271,High_Risk
CUST0272,Medium_Risk
CUST0273,Medium_Risk
CUST0274,Low_Risk
CUST0275,Medium_Risk
CUST0276,High_Risk
CUST0277,Low_Risk
CUST0278,Medium_Risk
CUST0279,Low_Risk
CUST0280,Low_Risk
CUST0281,Low_Risk
CUST0282,Low_Risk
CUST0283,Medium_Risk
CUST0284,High_Risk
CUST0285,Low_Risk
CUST0286,High_Risk
CUST0287,High_Risk
CUST0288,Low_Risk
CUST0289,Medium_Risk
CUST0290,Low_Risk
CUST0291,Medium_Risk
CUST0292,High_Risk
CUST0293,Low_Risk
CUST0294,Medium_Risk
CUST0295,Low_Risk
CUST0296,Medium_Risk
CUST0297,Medium_Risk
CUST0298,Low_Risk
CUST0299,High_Risk
CUST0300,Medium_Risk
CUST0301,Medium_Risk
CUST0302,High_Risk
CUST0303,Low_Risk
CUST0304,High_Risk
CUST0305,High_Risk
CUST0306,High_Risk
CUST0307,Medium_Risk
CUST0308,Low_Risk
CUST0309,Low_Risk
CUST0310,Low_Risk
CUST0311,Low_Risk
CUST0312,Medium_Risk
CUST0313,High_Risk
CUST0314,Medium_Risk
CUST0315,Low_Risk
CUST0316,Low_Risk
CUST0317,Low_Risk
CUST0318,High_Risk
CUST0319,Low_Risk
CUST0320,Medium_Risk
CUST0321,Low_Risk
CUST0322,High_Risk
CUST0323,Low_Risk
CUST0324,Medium_Risk
CUST0325,Medium_Risk
CUST0326,Low_Risk
CUST0327,Low_Risk
CUST0328,High_Risk
CUST0329,Low_Risk
CUST0330,Medium_Risk
CUST0331,High_Risk
CUST0332,High_Risk
CUST0333,Low_Risk
CUST0334,Medium_Risk
CUST0335,High_Risk
CUST0336,Medium_Risk
CUST0337,Low_Risk
CUST0338,High_Risk
CUST0339,Low_Risk
CUST0340,Low_Risk
CUST0341,Medium_Risk
CUST0342,Low_Risk
CUST0343,Low_Risk
CUST0344,High_Risk
CUST0345,Medium_Risk
CUST0346,Medium_Risk
CUST0347,Low_Risk
CUST0348,Medium_Risk
CUST0349,Low_Risk
CUST0350,Low_Risk
CUST0351,Medium_Risk
CUST0352,Low_Risk
CUST0353,High_Risk
CUST0354,High_Risk
CUST0355,Medium_Risk
CUST0356,Medium_Risk
CUST0357,High_Risk
CUST0358,Medium_Risk
CUST0359,High_Risk
CUST0360,Medium_Risk
CUST0361,Medium_Risk
CUST0362,Medium_Risk
CUST0363,Medium_Risk
CUST0364,Medium_Risk
CUST0365,Medium_Risk
CUST0366,High_Risk
CUST0367,Medium_Risk
CUST0368,Low_Risk
CUST0369,Medium_Risk
CUST0370,Low_Risk
CUST0371,Medium_Risk
CUST0372,Low_Risk
CUST0373,Low_Risk
CUST0374,Medium_Risk
CUST0375,Low_Risk
CUST0376,Medium_Risk
CUST0377,High_Risk
CUST0378,Low_Risk
CUST0379,Medium_Risk
CUST0380,High_Risk
CUST0381,Medium_Risk
CUST0382,Low_Risk
CUST0383,High_Risk
CUST0384,High_Risk
CUST0385,High_Risk
CUST0386,High_Risk
CUST0387,Low_Risk
CUST0388,High_Risk
CUST0389,Medium_Risk
CUST0390,High_Risk
CUST0391,Low_Risk
CUST0392,Low_Risk
CUST0393,Medium_Risk
CUST0394,Low_Risk
CUST0395,Medium_Risk
CUST0396,Low_Risk
CUST0397,Low_Risk
CUST0398,High_Risk
CUST0399,Low_Risk
CUST0400,Low_Risk
CUST0401,Low_Risk
CUST0402,Low_Risk
CUST0403,High_Risk
CUST0404,Medium_Risk
CUST0405,Medium_Risk
CUST0406,High_Risk
CUST0407,High_Risk
CUST0408,High_Risk
CUST0409,High_Risk
CUST0410,Low_Risk
CUST0411,Low_Risk
CUST0412,Medium_Risk
CUST0413,High_Risk
CUST0414,Low_Risk
CUST0415,Medium_Risk
CUST0416,Low_Risk
CUST0417,Low_Risk
CUST0418,Low_Risk
CUST0419,Low_Risk
CUST0420,High_Risk
CUST0421,Medium_Risk
CUST0422,Medium_Risk
CUST0423,Low_Risk
CUST0424,High_Risk
CUST0425,High_Risk
CUST0426,Low_Risk
CUST0427,Medium_Risk
CUST0428,Medium_Risk
CUST0429,Medium_Risk
CUST0430,Low_Risk
CUST0431,High_Risk
CUST0432,Medium_Risk
CUST0433,Low_Risk
CUST0434,High_Risk
CUST0435,Medium_Risk
CUST0436,Medium_Risk
CUST0437,Low_Risk
CUST0438,Medium_Risk
CUST0439,Medium_Risk
CUST0440,High_Risk
CUST0441,Low_Risk
CUST0442,Medium_Risk
CUST0443,Low_Risk
CUST0444,High_Risk
CUST0445,Low_Risk
CUST0446,Medium_Risk
CUST0447,Low_Risk
CUST0448,Medium_Risk
CUST0449,Medium_Risk
CUST0450,High_Risk
CUST0451,Low_Risk
CUST0452,Low_Risk
CUST0453,Low_Risk
CUST0454,Medium_Risk
CUST0455,High_Risk
CUST0456,High_Risk
CUST0457,High_Risk
CUST0458,Low_Risk
CUST0459,Low_Risk
CUST0460,Low_Risk
CUST0461,High_Risk
CUST0462,Low_Risk
CUST0463,High_Risk
CUST0464,Low_Risk
CUST0465,Low_Risk
CUST0466,Low_Risk
CUST0467,Medium_Risk
CUST0468,Medium_Risk
CUST0469,Medium_Risk
CUST0470,Medium_Risk
CUST0471,Low_Risk
CUST0472,High_Risk
CUST0473,High_Risk
CUST0474,High_Risk
CUST0475,High_Risk
CUST0476,Medium_Risk
CUST0477,Low_Risk
CUST0478,Medium_Risk
CUST0479,Low_Risk
CUST0480,Low_Risk
CUST0481,Low_Risk
CUST0482,Low_Risk
CUST0483,Low_Risk
CUST0484,High_Risk
CUST0485,Low_Risk
CUST0486,High_Risk
CUST0487,Low_Risk
CUST0488,Low_Risk
CUST0489,Medium_Risk
CUST0490,Low_Risk
CUST0491,Medium_Risk
CUST0492,High_Risk
CUST0493,High_Risk
CUST0494,Medium_Risk
CUST0495,Medium_Risk
CUST0496,Low_Risk
CUST0497,High_Risk
CUST0498,Low_Risk
CUST0499,Medium_Risk
CUST0500,Medium_Risk
CUST0501,High_Risk
CUST0502,Low_Risk
CUST0503,High_Risk
CUST0504,High_Risk
CUST0505,Medium_Risk
CUST0506,Low_Risk
CUST0507,Low_Risk
CUST0508,Medium_Risk
CUST0509,Low_Risk
CUST0510,Low_Risk
CUST0511,Medium_Risk
CUST0512,High_Risk
CUST0513,Low_Risk
CUST0514,Low_Risk
CUST0515,High_Risk
CUST0516,Low_Risk
CUST0517,Low_Risk
CUST0518,Medium_Risk
CUST0519,High_Risk
CUST0520,Medium_Risk
CUST0521,Low_Risk
CUST0522,High_Risk
CUST0523,Medium_Risk
CUST0524,Low_Risk
CUST0525,High_Risk
CUST0526,Low_Risk
CUST0527,Low_Risk
CUST0528,High_Risk
CUST0529,Low_Risk
CUST0530,Low_Risk
CUST0531,Low_Risk
CUST0532,Medium_Risk
CUST0533,Medium_Risk
CUST0534,Low_Risk
CUST0535,Medium_Risk
CUST0536,Low_Risk
CUST0537,Low_Risk
CUST0538,Low_Risk
CUST0539,High_Risk
CUST0540,Medium_Risk
CUST0541,Low_Risk
CUST0542,Medium_Risk
CUST0543,Medium_Risk
CUST0544,Low_Risk
CUST0545,Medium_Risk
CUST0546,High_Risk
CUST0547,Low_Risk
CUST0548,Low_Risk
CUST0549,Medium_Risk
CUST0550,Medium_Risk
CUST0551,Low_Risk
CUST0552,Medium_Risk
CUST0553,High_Risk
CUST0554,Low_Risk
CUST0555,High_Risk
CUST0556,Low_Risk
CUST0557,High_Risk
CUST0558,Medium_Risk
CUST0559,Medium_Risk
CUST0560,Low_Risk
CUST0561,Low_Risk
CUST0562,Low_Risk
CUST0563,Low_Risk
CUST0564,Low_Risk
CUST0565,High_Risk
CUST0566,Medium_Risk
CUST0567,Medium_Risk
CUST0568,Low_Risk
CUST0569,High_Risk
CUST0570,Medium_Risk
CUST0571,High_Risk
CUST0572,Low_Risk
CUST0573,High_Risk
CUST0574,Medium_Risk
CUST0575,Low_Risk
CUST0576,High_Risk
CUST0577,Medium_Risk
CUST0578,Medium_Risk
CUST0579,Medium_Risk
CUST0580,Medium_Risk
CUST0581,Medium_Risk
CUST0582,Low_Risk
CUST0583,Medium_Risk
CUST0584,Low_Risk
CUST0585,Medium_Risk
CUST0586,Low_Risk
CUST0587,High_Risk
CUST0588,Medium_Risk
CUST0589,Low_Risk
CUST0590,Medium_Risk
CUST0591,Medium_Risk
CUST0592,High_Risk
CUST0593,Medium_Risk
CUST0594,Medium_Risk
CUST0595,Low_Risk
CUST0596,Low_Risk
CUST0597,Low_Risk
CUST0598,Medium_Risk
CUST0599,Medium_Risk
CUST0600,High_Risk
CUST0601,Low_Risk
CUST0602,High_Risk
CUST0603,Medium_Risk
CUST0604,Low_Risk
CUST0605,Medium_Risk
CUST0606,Low_Risk
CUST0607,Medium_Risk
CUST0608,Medium_Risk
CUST0609,Medium_Risk
CUST0610,Low_Risk
CUST0611,High_Risk
CUST0612,Medium_Risk
CUST0613,Medium_Risk
CUST0614,Low_Risk
CUST0615,High_Risk
CUST0616,Medium_Risk
CUST0617,High_Risk
CUST0618,Low_Risk
CUST0619,Low_Risk
CUST0620,Low_Risk
CUST0621,Low_Risk
CUST0622,Low_Risk
CUST0623,Medium_Risk
CUST0624,Medium_Risk
CUST0625,Medium_Risk
CUST0626,High_Risk
CUST0627,High_Risk
CUST0628,High_Risk
CUST0629,Medium_Risk
CUST0630,High_Risk
CUST0631,Medium_Risk
CUST0632,High_Risk
CUST0633,Low_Risk
CUST0634,Low_Risk
CUST0635,Low_Risk
CUST0636,Medium_Risk
CUST0637,High_Risk
CUST0638,Low_Risk
CUST0639,Low_Risk
CUST0640,Low_Risk
CUST0641,Medium_Risk
CUST0642,Low_Risk
CUST0643,Low_Risk
CUST0644,Low_Risk
CUST0645,High_Risk
CUST0646,Low_Risk
CUST0647,Medium_Risk
CUST0648,High_Risk
CUST0649,Medium_Risk
CUST0650,Medium_Risk
CUST0651,High_Risk
CUST0652,Low_Risk
CUST0653,Medium_Risk
CUST0654,Low_Risk
CUST0655,High_Risk
CUST0656,Medium_Risk
CUST0657,Medium_Risk
CUST0658,Low_Risk
CUST0659,Medium_Risk
CUST0660,Low_Risk
CUST0661,Medium_Risk
CUST0662,High_Risk
CUST0663,Low_Risk
CUST0664,Medium_Risk
CUST0665,High_Risk
CUST0666,Low_Risk
CUST0667,Medium_Risk
CUST0668,Medium_Risk
CUST0669,High_Risk
CUST0670,High_Risk
CUST0671,Medium_Risk
CUST0672,High_Risk
CUST0673,Medium_Risk
CUST0674,Low_Risk
CUST0675,Medium_Risk
CUST0676,Low_Risk
CUST0677,High_Risk
CUST0678,High_Risk
CUST0679,Medium_Risk
CUST0680,Low_Risk
CUST0681,Low_Risk
CUST0682,Medium_Risk
CUST0683,Low_Risk
CUST0684,Low_Risk
CUST0685,Medium_Risk
CUST0686,Low_Risk
CUST0687,Medium_Risk
CUST0688,Medium_Risk
CUST0689,Low_Risk
CUST0690,High_Risk
CUST0691,Low_Risk
CUST0692,High_Risk
CUST0693,Medium_Risk
CUST0694,Low_Risk
CUST0695,Low_Risk
CUST0696,Low_Risk
CUST0697,High_Risk
CUST0698,Low_Risk
CUST0699,Low_Risk
CUST0700,Low_Risk
CUST0701,Low_Risk
CUST0702,High_Risk
CUST0703,Medium_Risk
CUST0704,Low_Risk
CUST0705,Low_Risk
CUST0706,High_Risk
CUST0707,Low_Risk
CUST0708,High_Risk
CUST0709,Medium_Risk
CUST0710,Low_Risk
CUST0711,Medium_Risk
CUST0712,Medium_Risk
CUST0713,Medium_Risk
CUST0714,High_Risk
CUST0715,Medium_Risk
CUST0716,Medium_Risk
CUST0717,Low_Risk
CUST0718,Medium_Risk
CUST0719,Medium_Risk
CUST0720,Low_Risk
CUST0721,Low_Risk
CUST0722,Medium_Risk
CUST0723,Medium_Risk
CUST0724,Medium_Risk
CUST0725,High_Risk
CUST0726,Medium_Risk
CUST0727,Medium_Risk
CUST0728,Medium_Risk
CUST0729,Low_Risk
CUST0730,Low_Risk
CUST0731,High_Risk
CUST0732,Low_Risk
CUST0733,Medium_Risk
CUST0734,Low_Risk
CUST0735,Low_Risk
CUST0736,Low_Risk
CUST0737,Low_Risk
CUST0738,Medium_Risk
CUST0739,Low_Risk
CUST0740,Low_Risk
CUST0741,Low_Risk
CUST0742,Medium_Risk
CUST0743,Medium_Risk
CUST0744,Low_Risk
CUST0745,Low_Risk
CUST0746,Medium_Risk
CUST0747,Low_Risk
CUST0748,Medium_Risk
CUST0749,Medium_Risk
CUST0750,Medium_Risk
CUST0751,Medium_Risk
CUST0752,Medium_Risk
CUST0753,Low_Risk
CUST0754,Low_Risk
CUST0755,Low_Risk
CUST0756,Medium_Risk
CUST0757,High_Risk
CUST0758,High_Risk
CUST0759,Medium_Risk
CUST0760,Low_Risk
CUST0761,Low_Risk
CUST0762,Medium_Risk
CUST0763,Medium_Risk
CUST0764,Low_Risk
CUST0765,Low_Risk
CUST0766,Low_Risk
CUST0767,Low_Risk
CUST0768,Medium_Risk
CUST0769,Low_Risk
CUST0770,High_Risk
CUST0771,Low_Risk
CUST0772,Low_Risk
CUST0773,High_Risk
CUST0774,Medium_Risk
CUST0775,Low_Risk
CUST0776,Medium_Risk
CUST0777,Medium_Risk
CUST0778,Low_Risk
CUST0779,Medium_Risk
CUST0780,Low_Risk
CUST0781,Medium_Risk
CUST0782,Low_Risk
CUST0783,Low_Risk
CUST0784,High_Risk
CUST0785,Low_Risk
CUST0786,Low_Risk
CUST0787,Medium_Risk
CUST0788,Low_Risk
CUST0789,Low_Risk
CUST0790,Medium_Risk
CUST0791,Low_Risk
CUST0792,Low_Risk
CUST0793,Low_Risk
CUST0794,Low_Risk
CUST0795,Medium_Risk
CUST0796,Low_Risk
CUST0797,Medium_Risk
CUST0798,Medium_Risk
CUST0799,High_Risk
CUST0800,Low_Risk
CUST0801,Low_Risk
CUST0802,Medium_Risk
CUST0803,Low_Risk
CUST0804,Medium_Risk
CUST0805,Low_Risk
CUST0806,Medium_Risk
CUST0807,Medium_Risk
CUST0808,High_Risk
CUST0809,Low_Risk
CUST0810,Low_Risk
CUST0811,High_Risk
CUST0812,Medium_Risk
CUST0813,Low_Risk
CUST0814,Medium_Risk
CUST0815,Medium_Risk
CUST0816,Low_Risk
CUST0817,Low_Risk
CUST0818,Low_Risk
CUST0819,High_Risk
CUST0820,Medium_Risk
CUST0821,Medium_Risk
CUST0822,High_Risk
CUST0823,Low_Risk
CUST0824,Low_Risk
CUST0825,Low_Risk
CUST0826,Medium_Risk
CUST0827,Low_Risk
CUST0828,High_Risk
CUST0829,Low_Risk
CUST0830,Medium_Risk
CUST0831,High_Risk
CUST0832,Low_Risk
CUST0833,Low_Risk
CUST0834,Low_Risk
CUST0835,High_Risk
CUST0836,Medium_Risk
CUST0837,Low_Risk
CUST0838,High_Risk
CUST0839,Low_Risk
CUST0840,Low_Risk
CUST0841,High_Risk
CUST0842,Medium_Risk
CUST0843,Low_Risk
CUST0844,High_Risk
CUST0845,Medium_Risk
CUST0846,Low_Risk
CUST0847,Low_Risk
CUST0848,Low_Risk
CUST0849,Low_Risk
CUST0850,Medium_Risk
CUST0851,High_Risk
CUST0852,High_Risk
CUST0853,Medium_Risk
CUST0854,High_Risk
CUST0855,High_Risk
CUST0856,Low_Risk
CUST0857,Medium_Risk
CUST0858,High_Risk
CUST0859,Medium_Risk
CUST0860,Low_Risk
CUST0861,Medium_Risk
CUST0862,Medium_Risk
CUST0863,Medium_Risk
CUST0864,Low_Risk
CUST0865,Low_Risk
CUST0866,High_Risk
CUST0867,High_Risk
CUST0868,Medium_Risk
CUST0869,Medium_Risk
CUST0870,Low_Risk
CUST0871,Medium_Risk
CUST0872,High_Risk
CUST0873,High_Risk
CUST0874,Medium_Risk
CUST0875,High_Risk
CUST0876,Low_Risk
CUST0877,Low_Risk
CUST0878,High_Risk
CUST0879,Medium_Risk
CUST0880,Low_Risk
CUST0881,Medium_Risk
CUST0882,Low_Risk
CUST0883,Medium_Risk
CUST0884,Low_Risk
CUST0885,Medium_Risk
CUST0886,High_Risk
CUST0887,High_Risk
CUST0888,Medium_Risk
CUST0889,Low_Risk
CUST0890,Low_Risk
CUST0891,Medium_Risk
CUST0892,Low_Risk
CUST0893,High_Risk
CUST0894,Low_Risk
CUST0895,Low_Risk
CUST0896,Low_Risk
CUST0897,Low_Risk
CUST0898,High_Risk
CUST0899,Medium_Risk
CUST0900,Medium_Risk
CUST0901,Low_Risk
CUST0902,Low_Risk
CUST0903,Medium_Risk
CUST0904,Low_Risk
CUST0905,High_Risk
CUST0906,Low_Risk
CUST0907,Medium_Risk
CUST0908,Medium_Risk
CUST0909,Medium_Risk
CUST0910,High_Risk
CUST0911,Medium_Risk
CUST0912,Low_Risk
CUST0913,Low_Risk
CUST0914,Low_Risk
CUST0915,Medium_Risk
CUST0916,Medium_Risk
CUST0917,Low_Risk
CUST0918,Low_Risk
CUST0919,Medium_Risk
CUST0920,High_Risk
CUST0921,Low_Risk
CUST0922,Low_Risk
CUST0923,Medium_Risk
CUST0924,Low_Risk
CUST0925,Low_Risk
CUST0926,Medium_Risk
CUST0927,Medium_Risk
CUST0928,High_Risk
CUST0929,Medium_Risk
CUST0930,Medium_Risk
CUST0931,High_Risk
CUST0932,Low_Risk
CUST0933,High_Risk
CUST0934,Medium_Risk
CUST0935,Low_Risk
CUST0936,Low_Risk
CUST0937,Low_Risk
CUST0938,High_Risk
CUST0939,Low_Risk
CUST0940,Medium_Risk
CUST0941,Low_Risk
CUST0942,High_Risk
CUST0943,Low_Risk
CUST0944,Medium_Risk
CUST0945,Low_Risk
CUST0946,High_Risk
CUST0947,Low_Risk
CUST0948,Medium_Risk
CUST0949,Medium_Risk
CUST0950,Medium_Risk
CUST0951,High_Risk
CUST0952,Low_Risk
CUST0953,High_Risk
CUST0954,Medium_Risk
CUST0955,Medium_Risk
CUST0956,Low_Risk
CUST0957,Low_Risk
CUST0958,Medium_Risk
CUST0959,Medium_Risk
CUST0960,High_Risk
CUST0961,Low_Risk
CUST0962,Low_Risk
CUST0963,High_Risk
CUST0964,Low_Risk
CUST0965,High_Risk
CUST0966,High_Risk
CUST0967,Medium_Risk
CUST0968,Low_Risk
CUST0969,High_Risk
CUST0970,Medium_Risk
CUST0971,High_Risk
CUST0972,Medium_Risk
CUST0973,Low_Risk
CUST0974,Low_Risk
CUST0975,High_Risk
CUST0976,Medium_Risk
CUST0977,Low_Risk
CUST0978,Low_Risk
CUST0979,High_Risk
CUST0980,Low_Risk
CUST0981,Medium_Risk
CUST0982,Low_Risk
CUST0983,High_Risk
CUST0984,Low_Risk
CUST0985,High_Risk
CUST0986,Low_Risk
CUST0987,High_Risk
CUST0988,High_Risk
CUST0989,Medium_Risk
CUST0990,Low_Risk
CUST0991,Low_Risk
CUST0992,High_Risk
CUST0993,Low_Risk
CUST0994,High_Risk
CUST0995,Medium_Risk
CUST0996,Low_Risk
CUST0997,High_Risk
CUST0998,High_Risk
CUST0999,Medium_Risk
CUST1000,Medium_Risk
CUST1001,Low_Risk
CUST1002,Low_Risk
CUST1003,Medium_Risk
CUST1004,High_Risk
CUST1005,Medium_Risk
CUST1006,Low_Risk
CUST1007,Medium_Risk
CUST1008,Medium_Risk
CUST1009,Low_Risk
CUST1010,High_Risk
CUST1011,High_Risk
CUST1012,Medium_Risk
CUST1013,Low_Risk
CUST1014,Medium_Risk
CUST1015,Medium_Risk
CUST1016,Low_Risk
CUST1017,Medium_Risk
CUST1018,High_Risk
CUST1019,Low_Risk
CUST1020,Medium_Risk
CUST1021,Low_Risk
CUST1022,Medium_Risk
CUST1023,High_Risk
CUST1024,High_Risk
CUST1025,High_Risk
CUST1026,High_Risk
CUST1027,Low_Risk
CUST1028,Medium_Risk
CUST1029,Low_Risk
CUST1030,Low_Risk
CUST1031,Low_Risk
CUST1032,Low_Risk
CUST1033,Low_Risk
CUST1034,High_Risk
CUST1035,Low_Risk
CUST1036,Low_Risk
CUST1037,Low_Risk
CUST1038,High_Risk
CUST1039,Low_Risk
CUST1040,Medium_Risk
CUST1041,High_Risk
CUST1042,Low_Risk
CUST1043,High_Risk
CUST1044,Low_Risk
CUST1045,High_Risk
CUST1046,Low_Risk
CUST1047,Low_Risk
CUST1048,High_Risk
CUST1049,Medium_Risk
CUST1050,Low_Risk
CUST1051,Medium_Risk
CUST1052,Medium_Risk
CUST1053,Low_Risk
CUST1054,Medium_Risk
CUST1055,Medium_Risk
CUST1056,High_Risk
CUST1057,Medium_Risk
CUST1058,Low_Risk
CUST1059,Medium_Risk
CUST1060,Medium_Risk
CUST1061,Medium_Risk
CUST1062,High_Risk
CUST1063,Medium_Risk
CUST1064,Medium_Risk
CUST1065,Medium_Risk
CUST1066,Low_Risk
CUST1067,Medium_Risk
CUST1068,Low_Risk
CUST1069,Low_Risk
CUST1070,Low_Risk
CUST1071,Low_Risk
CUST1072,Low_Risk
CUST1073,Low_Risk
CUST1074,Medium_Risk
CUST1075,Low_Risk
CUST1076,Low_Risk
CUST1077,Medium_Risk
CUST1078,Medium_Risk
CUST1079,Medium_Risk
CUST1080,Low_Risk
CUST1081,Low_Risk
CUST1082,Medium_Risk
CUST1083,Medium_Risk
CUST1084,Medium_Risk
CUST1085,Low_Risk
CUST1086,Low_Risk
CUST1087,High_Risk
CUST1088,High_Risk
CUST1089,High_Risk
CUST1090,Medium_Risk
CUST1091,High_Risk
CUST1092,Low_Risk
CUST1093,High_Risk
CUST1094,Low_Risk
CUST1095,Low_Risk
CUST1096,Low_Risk
CUST1097,High_Risk
CUST1098,High_Risk
CUST1099,High_Risk
CUST1100,Low_Risk
CUST1101,Low_Risk
CUST1102,Medium_Risk
CUST1103,High_Risk
CUST1104,Low_Risk
CUST1105,High_Risk
CUST1106,High_Risk
CUST1107,Medium_Risk
CUST1108,High_Risk
CUST1109,Medium_Risk
CUST1110,Medium_Risk
CUST1111,Medium_Risk
CUST1112,Medium_Risk
CUST1113,Low_Risk
CUST1114,Low_Risk
CUST1115,Low_Risk
CUST1116,Medium_Risk
CUST1117,Low_Risk
CUST1118,Medium_Risk
CUST1119,Low_Risk
CUST1120,High_Risk
CUST1121,High_Risk
CUST1122,Medium_Risk
CUST1123,Medium_Risk
CUST1124,Low_Risk
CUST1125,High_Risk
CUST1126,High_Risk
CUST1127,Medium_Risk
CUST1128,Medium_Risk
CUST1129,Low_Risk
CUST1130,Medium_Risk
CUST1131,Medium_Risk
CUST1132,Medium_Risk
CUST1133,High_Risk
CUST1134,Low_Risk
CUST1135,Low_Risk
CUST1136,Low_Risk
CUST1137,Medium_Risk
CUST1138,Medium_Risk
CUST1139,Medium_Risk
CUST1140,Medium_Risk
CUST1141,Medium_Risk
CUST1142,High_Risk
CUST1143,Low_Risk
CUST1144,Low_Risk
CUST1145,Medium_Risk
CUST1146,High_Risk
CUST1147,High_Risk
CUST1148,Low_Risk
CUST1149,Low_Risk
CUST1150,Low_Risk
CUST1151,Low_Risk
CUST1152,Low_Risk
CUST1153,High_Risk
CUST1154,Medium_Risk
CUST1155,Low_Risk
CUST1156,High_Risk
CUST1157,Medium_Risk
CUST1158,Medium_Risk
CUST1159,Medium_Risk
CUST1160,Low_Risk
CUST1161,Medium_Risk
CUST1162,Low_Risk
CUST1163,Medium_Risk
CUST1164,Low_Risk
CUST1165,Medium_Risk
CUST1166,Low_Risk
CUST1167,Medium_Risk
CUST1168,Medium_Risk
CUST1169,High_Risk
CUST1170,Low_Risk
CUST1171,High_Risk
CUST1172,Medium_Risk
CUST1173,High_Risk
CUST1174,Medium_Risk
CUST1175,Low_Risk
CUST1176,Low_Risk
CUST1177,Medium_Risk
CUST1178,Low_Risk
CUST1179,Low_Risk
CUST1180,Medium_Risk
CUST1181,Low_Risk
CUST1182,High_Risk
CUST1183,Medium_Risk
CUST1184,Medium_Risk
CUST1185,Medium_Risk
CUST1186,High_Risk
CUST1187,Medium_Risk
CUST1188,Medium_Risk
CUST1189,Medium_Risk
CUST1190,Medium_Risk
CUST1191,Low_Risk
CUST1192,Medium_Risk
CUST1193,Low_Risk
CUST1194,Low_Risk
CUST1195,Medium_Risk
CUST1196,High_Risk
CUST1197,High_Risk
CUST1198,Low_Risk
CUST1199,Low_Risk
CUST1200,Low_Risk
CUST1201,Medium_Risk
CUST1202,Medium_Risk
CUST1203,Low_Risk
CUST1204,Low_Risk
CUST1205,Medium_Risk
CUST1206,Low_Risk
CUST1207,High_Risk
CUST1208,High_Risk
CUST1209,Low_Risk
CUST1210,High_Risk
CUST1211,Low_Risk
CUST1212,Low_Risk
CUST1213,Low_Risk
CUST1214,Medium_Risk
CUST1215,Medium_Risk
CUST1216,Medium_Risk
CUST1217,Medium_Risk
CUST1218,High_Risk
CUST1219,Low_Risk
CUST1220,Medium_Risk
CUST1221,Medium_Risk
CUST1222,Low_Risk
CUST1223,High_Risk
CUST1224,Low_Risk
CUST1225,High_Risk
CUST1226,High_Risk
CUST1227,Low_Risk
CUST1228,Medium_Risk
CUST1229,Low_Risk
CUST1230,Medium_Risk
CUST1231,Medium_Risk
CUST1232,Medium_Risk
CUST1233,Medium_Risk
CUST1234,Low_Risk
CUST1235,High_Risk
CUST1236,Low_Risk
CUST1237,High_Risk
CUST1238,Low_Risk
CUST1239,High_Risk
CUST1240,Medium_Risk
CUST1241,Low_Risk
CUST1242,High_Risk
CUST1243,Medium_Risk
CUST1244,Medium_Risk
CUST1245,Medium_Risk
CUST1246,High_Risk
CUST1247,High_Risk
CUST1248,Medium_Risk
CUST1249,Medium_Risk
CUST1250,Medium_Risk
CUST1251,Medium_Risk
CUST1252,Low_Risk
CUST1253,Medium_Risk
CUST1254,Low_Risk
CUST1255,Low_Risk
CUST1256,High_Risk
CUST1257,Medium_Risk
CUST1258,Medium_Risk
CUST1259,Low_Risk
CUST1260,Low_Risk
CUST1261,Low_Risk
CUST1262,Low_Risk
CUST1263,High_Risk
CUST1264,Low_Risk
CUST1265,Low_Risk
CUST1266,Low_Risk
CUST1267,Medium_Risk
CUST1268,Medium_Risk
CUST1269,Low_Risk
CUST1270,Medium_Risk
CUST1271,High_Risk
CUST1272,Low_Risk
CUST1273,Low_Risk
CUST1274,Medium_Risk
CUST1275,Low_Risk
CUST1276,High_Risk
CUST1277,Medium_Risk
CUST1278,High_Risk
CUST1279,Low_Risk
CUST1280,Medium_Risk
CUST1281,Medium_Risk
CUST1282,High_Risk
CUST1283,Low_Risk
CUST1284,Low_Risk
CUST1285,Low_Risk
CUST1286,Medium_Risk
CUST1287,Medium_Risk
CUST1288,Medium_Risk
CUST1289,High_Risk
CUST1290,Low_Risk
CUST1291,High_Risk
CUST1292,Low_Risk
CUST1293,Low_Risk
CUST1294,Low_Risk
CUST1295,Medium_Risk
CUST1296,Medium_Risk
CUST1297,Low_Risk
CUST1298,Medium_Risk
CUST1299,Low_Risk
CUST1300,Low_Risk
CUST1301,Medium_Risk
CUST1302,Low_Risk
CUST1303,Medium_Risk
CUST1304,Medium_Risk
CUST1305,Low_Risk
CUST1306,High_Risk
CUST1307,Low_Risk
CUST1308,High_Risk
CUST1309,High_Risk
CUST1310,Medium_Risk
CUST1311,High_Risk
CUST1312,Low_Risk
CUST1313,High_Risk
CUST1314,Medium_Risk
CUST1315,Medium_Risk
CUST1316,High_Risk
CUST1317,Medium_Risk
CUST1318,High_Risk
CUST1319,Medium_Risk
CUST1320,Medium_Risk
CUST1321,High_Risk
CUST1322,Low_Risk
CUST1323,Medium_Risk
CUST1324,Low_Risk
CUST1325,Low_Risk
CUST1326,Low_Risk
CUST1327,High_Risk
CUST1328,Low_Risk
CUST1329,Low_Risk
CUST1330,Low_Risk
CUST1331,Medium_Risk
CUST1332,Low_Risk
CUST1333,Medium_Risk
CUST1334,Low_Risk
CUST1335,Low_Risk
CUST1336,Low_Risk
CUST1337,Low_Risk
CUST1338,Medium_Risk
CUST1339,Medium_Risk
CUST1340,Low_Risk
CUST1341,Low_Risk
CUST1342,Medium_Risk
CUST1343,Low_Risk
CUST1344,High_Risk
CUST1345,Medium_Risk
CUST1346,Medium_Risk
CUST1347,Low_Risk
CUST1348,Low_Risk
CUST1349,Low_Risk
CUST1350,High_Risk
CUST1351,Low_Risk
CUST1352,Medium_Risk
CUST1353,High_Risk
CUST1354,Low_Risk
CUST1355,High_Risk
CUST1356,Medium_Risk
CUST1357,Medium_Risk
CUST1358,Medium_Risk
CUST1359,Low_Risk
CUST1360,Medium_Risk
CUST1361,Medium_Risk
CUST1362,Medium_Risk
CUST1363,Medium_Risk
CUST1364,High_Risk
CUST1365,Low_Risk
CUST1366,Low_Risk
CUST1367,High_Risk
CUST1368,Low_Risk
CUST1369,Medium_Risk
CUST1370,High_Risk
CUST1371,High_Risk
CUST1372,Low_Risk
CUST1373,High_Risk
CUST1374,Medium_Risk
CUST1375,High_Risk
CUST1376,Low_Risk
CUST1377,Medium_Risk
CUST1378,Medium_Risk
CUST1379,Medium_Risk
CUST1380,High_Risk
CUST1381,Medium_Risk
CUST1382,Medium_Risk
CUST1383,Low_Risk
CUST1384,Low_Risk
CUST1385,Medium_Risk
CUST1386,Medium_Risk
CUST1387,Medium_Risk
CUST1388,Low_Risk
CUST1389,High_Risk
CUST1390,Low_Risk
CUST1391,Medium_Risk
CUST1392,Low_Risk
CUST1393,Medium_Risk
CUST1394,Medium_Risk
CUST1395,Medium_Risk
CUST1396,Medium_Risk
CUST1397,High_Risk
CUST1398,Medium_Risk
CUST1399,Low_Risk
CUST1400,Medium_Risk
CUST1401,High_Risk
CUST1402,Medium_Risk
CUST1403,Low_Risk
CUST1404,Medium_Risk
CUST1405,High_Risk
CUST1406,High_Risk
CUST1407,Medium_Risk
CUST1408,Medium_Risk
CUST1409,Low_Risk
CUST1410,Low_Risk
CUST1411,Low_Risk
CUST1412,High_Risk
CUST1413,Medium_Risk
CUST1414,Medium_Risk
CUST1415,Low_Risk
CUST1416,Medium_Risk
CUST1417,High_Risk
CUST1418,High_Risk
CUST1419,Low_Risk
CUST1420,High_Risk
CUST1421,Medium_Risk
CUST1422,Low_Risk
CUST1423,Low_Risk
CUST1424,Medium_Risk
CUST1425,High_Risk
CUST1426,High_Risk
CUST1427,Medium_Risk
CUST1428,Medium_Risk
CUST1429,Low_Risk
CUST1430,Low_Risk
CUST1431,Low_Risk
CUST1432,Medium_Risk
CUST1433,Medium_Risk
CUST1434,High_Risk
CUST1435,Low_Risk
CUST1436,Low_Risk
CUST1437,Low_Risk
CUST1438,High_Risk
CUST1439,Low_Risk
CUST1440,Low_Risk
CUST1441,High_Risk
CUST1442,Low_Risk
CUST1443,High_Risk
CUST1444,High_Risk
CUST1445,Medium_Risk
CUST1446,High_Risk
CUST1447,Medium_Risk
CUST1448,High_Risk
CUST1449,High_Risk
CUST1450,Medium_Risk
CUST1451,Low_Risk
CUST1452,Low_Risk
CUST1453,Low_Risk
CUST1454,Medium_Risk
CUST1455,Medium_Risk
CUST1456,Low_Risk
CUST1457,Low_Risk
CUST1458,Low_Risk
CUST1459,Low_Risk
CUST1460,Medium_Risk
CUST1461,Medium_Risk
CUST1462,Low_Risk
CUST1463,High_Risk
CUST1464,Low_Risk
CUST1465,Low_Risk
CUST1466,High_Risk
CUST1467,Low_Risk
CUST1468,Medium_Risk
CUST1469,Medium_Risk
CUST1470,Medium_Risk
CUST1471,High_Risk
CUST1472,High_Risk
CUST1473,Medium_Risk
CUST1474,Low_Risk
CUST1475,High_Risk
CUST1476,High_Risk
CUST1477,Low_Risk
CUST1478,Low_Risk
CUST1479,Medium_Risk
CUST1480,High_Risk
CUST1481,Low_Risk
CUST1482,Medium_Risk
CUST1483,Low_Risk
CUST1484,Low_Risk
CUST1485,Low_Risk
CUST1486,Medium_Risk
CUST1487,Low_Risk
CUST1488,Low_Risk
CUST1489,Medium_Risk
CUST1490,Medium_Risk
CUST1491,High_Risk
CUST1492,High_Risk
CUST1493,High_Risk
CUST1494,Medium_Risk
CUST1495,Low_Risk
CUST1496,Medium_Risk
CUST1497,Low_Risk
CUST1498,Low_Risk
CUST1499,Low_Risk
CUST1500,Low_Risk
CUST1501,Medium_Risk
CUST1502,Medium_Risk
CUST1503,High_Risk
CUST1504,Low_Risk
CUST1505,Low_Risk
CUST1506,High_Risk
CUST1507,High_Risk
CUST1508,Low_Risk
CUST1509,Medium_Risk
CUST1510,Low_Risk
CUST1511,Low_Risk
CUST1512,Low_Risk
CUST1513,High_Risk
CUST1514,High_Risk
CUST1515,High_Risk
CUST1516,Medium_Risk
CUST1517,Low_Risk
CUST1518,Medium_Risk
CUST1519,High_Risk
CUST1520,High_Risk
CUST1521,High_Risk
CUST1522,Low_Risk
CUST1523,Low_Risk
CUST1524,Low_Risk
CUST1525,Medium_Risk
CUST1526,Medium_Risk
CUST1527,Low_Risk
CUST1528,Low_Risk
CUST1529,Low_Risk
CUST1530,Medium_Risk
CUST1531,Medium_Risk
CUST1532,Medium_Risk
CUST1533,Medium_Risk
CUST1534,Low_Risk
CUST1535,High_Risk
CUST1536,Medium_Risk
CUST1537,Medium_Risk
CUST1538,Low_Risk
CUST1539,Medium_Risk
CUST1540,Medium_Risk
CUST1541,High_Risk
CUST1542,Low_Risk
CUST1543,Low_Risk
CUST1544,High_Risk
CUST1545,Low_Risk
CUST1546,Medium_Risk
CUST1547,Low_Risk
CUST1548,High_Risk
CUST1549,Low_Risk
CUST1550,Low_Risk
CUST1551,Low_Risk
CUST1552,Low_Risk
CUST1553,Medium_Risk
CUST1554,Medium_Risk
CUST1555,Medium_Risk
CUST1556,Low_Risk
CUST1557,High_Risk
CUST1558,Medium_Risk
CUST1559,Medium_Risk
CUST1560,High_Risk
CUST1561,High_Risk
CUST1562,Low_Risk
CUST1563,Low_Risk
CUST1564,Medium_Risk
CUST1565,Low_Risk
CUST1566,Medium_Risk
CUST1567,Low_Risk
CUST1568,Low_Risk
CUST1569,Low_Risk
CUST1570,Low_Risk
CUST1571,High_Risk
CUST1572,Low_Risk
CUST1573,Low_Risk
CUST1574,Low_Risk
CUST1575,High_Risk
CUST1576,Low_Risk
CUST1577,Medium_Risk
CUST1578,High_Risk
CUST1579,Medium_Risk
CUST1580,Low_Risk
CUST1581,High_Risk
CUST1582,Medium_Risk
CUST1583,Low_Risk
CUST1584,High_Risk
CUST1585,Low_Risk
CUST1586,Low_Risk
CUST1587,Low_Risk
CUST1588,Low_Risk
CUST1589,High_Risk
CUST1590,Low_Risk
CUST1591,Medium_Risk
CUST1592,Low_Risk
CUST1593,Low_Risk
CUST1594,High_Risk
CUST1595,High_Risk
CUST1596,High_Risk
CUST1597,High_Risk
CUST1598,Medium_Risk
CUST1599,Medium_Risk
CUST1600,High_Risk
CUST1601,Medium_Risk
CUST1602,Low_Risk
CUST1603,Medium_Risk
CUST1604,Medium_Risk
CUST1605,Low_Risk
CUST1606,Medium_Risk
CUST1607,Medium_Risk
CUST1608,Medium_Risk
CUST1609,Medium_Risk
CUST1610,High_Risk
CUST1611,Medium_Risk
CUST1612,Low_Risk
CUST1613,Low_Risk
CUST1614,Low_Risk
CUST1615,High_Risk
CUST1616,Medium_Risk
CUST1617,Low_Risk
CUST1618,High_Risk
CUST1619,Low_Risk
CUST1620,High_Risk
CUST1621,Medium_Risk
CUST1622,Medium_Risk
CUST1623,Low_Risk
CUST1624,Low_Risk
CUST1625,Low_Risk
CUST1626,Medium_Risk
CUST1627,Low_Risk
CUST1628,Low_Risk
CUST1629,Medium_Risk
CUST1630,Low_Risk
CUST1631,Low_Risk
CUST1632,High_Risk
CUST1633,Low_Risk
CUST1634,High_Risk
CUST1635,Medium_Risk
CUST1636,Low_Risk
CUST1637,High_Risk
CUST1638,Low_Risk
CUST1639,High_Risk
CUST1640,High_Risk
CUST1641,Low_Risk
CUST1642,High_Risk
CUST1643,Medium_Risk
CUST1644,High_Risk
CUST1645,Medium_Risk
CUST1646,Medium_Risk
CUST1647,Medium_Risk
CUST1648,High_Risk
CUST1649,Low_Risk
CUST1650,Medium_Risk
CUST1651,Medium_Risk
CUST1652,Medium_Risk
CUST1653,High_Risk
CUST1654,Medium_Risk
CUST1655,Medium_Risk
CUST1656,Low_Risk
CUST1657,Low_Risk
CUST1658,Low_Risk
CUST1659,Low_Risk
CUST1660,Low_Risk
CUST1661,High_Risk
CUST1662,Low_Risk
CUST1663,Medium_Risk
CUST1664,Low_Risk
CUST1665,High_Risk
CUST1666,Medium_Risk
CUST1667,Medium_Risk
CUST1668,Medium_Risk
CUST1669,Low_Risk
CUST1670,Medium_Risk
CUST1671,Low_Risk
CUST1672,Medium_Risk
CUST1673,Low_Risk
CUST1674,Low_Risk
CUST1675,Medium_Risk
CUST1676,Low_Risk
CUST1677,High_Risk
CUST1678,High_Risk
CUST1679,High_Risk
CUST1680,High_Risk
CUST1681,Low_Risk
CUST1682,Low_Risk
CUST1683,Medium_Risk
CUST1684,Low_Risk
CUST1685,High_Risk
CUST1686,Low_Risk
CUST1687,Medium_Risk
CUST1688,Medium_Risk
CUST1689,Low_Risk
CUST1690,Low_Risk
CUST1691,High_Risk
CUST1692,High_Risk
CUST1693,Low_Risk
CUST1694,Medium_Risk
CUST1695,Low_Risk
CUST1696,Medium_Risk
CUST1697,Medium_Risk
CUST1698,High_Risk
CUST1699,Low_Risk
CUST1700,Low_Risk
CUST1701,Low_Risk
CUST1702,Low_Risk
CUST1703,High_Risk
CUST1704,Low_Risk
CUST1705,Low_Risk
CUST1706,Medium_Risk
CUST1707,High_Risk
CUST1708,Medium_Risk
CUST1709,Medium_Risk
CUST1710,Medium_Risk
CUST1711,High_Risk
CUST1712,Low_Risk
CUST1713,High_Risk
CUST1714,Low_Risk
CUST1715,Low_Risk
CUST1716,High_Risk
CUST1717,High_Risk
CUST1718,Low_Risk
CUST1719,Medium_Risk
CUST1720,Medium_Risk
CUST1721,Medium_Risk
CUST1722,Medium_Risk
CUST1723,Low_Risk
CUST1724,High_Risk
CUST1725,Low_Risk
CUST1726,Low_Risk
CUST1727,Low_Risk
CUST1728,Low_Risk
CUST1729,Medium_Risk
CUST1730,Low_Risk
CUST1731,Medium_Risk
CUST1732,High_Risk
CUST1733,Low_Risk
CUST1734,High_Risk
CUST1735,High_Risk
CUST1736,High_Risk
CUST1737,High_Risk
CUST1738,High_Risk
CUST1739,Low_Risk
CUST1740,Medium_Risk
CUST1741,Medium_Risk
CUST1742,Medium_Risk
CUST1743,Low_Risk
CUST1744,Low_Risk
CUST1745,Low_Risk
CUST1746,High_Risk
CUST1747,Low_Risk
CUST1748,High_Risk
CUST1749,Low_Risk
CUST1750,Low_Risk
CUST1751,High_Risk
CUST1752,High_Risk
CUST1753,High_Risk
CUST1754,Low_Risk
CUST1755,Medium_Risk
CUST1756,Medium_Risk
CUST1757,Medium_Risk
CUST1758,Low_Risk
CUST1759,Medium_Risk
CUST1760,Low_Risk
CUST1761,Low_Risk
CUST1762,Medium_Risk
CUST1763,Low_Risk
CUST1764,Low_Risk
CUST1765,Medium_Risk
CUST1766,Medium_Risk
CUST1767,Medium_Risk
CUST1768,High_Risk
CUST1769,Medium_Risk
CUST1770,Low_Risk
CUST1771,Medium_Risk
CUST1772,Medium_Risk
CUST1773,Low_Risk
CUST1774,Medium_Risk
CUST1775,High_Risk
CUST1776,High_Risk
CUST1777,Low_Risk
CUST1778,Low_Risk
CUST1779,High_Risk
CUST1780,Medium_Risk
CUST1781,Medium_Risk
CUST1782,Low_Risk
CUST1783,Medium_Risk
CUST1784,Medium_Risk
CUST1785,Medium_Risk
CUST1786,Low_Risk
CUST1787,Medium_Risk
CUST1788,Medium_Risk
CUST1789,Low_Risk
CUST1790,High_Risk
CUST1791,Medium_Risk
CUST1792,Low_Risk
CUST1793,High_Risk
CUST1794,Medium_Risk
CUST1795,High_Risk
CUST1796,Low_Risk
CUST1797,Low_Risk
CUST1798,Low_Risk
CUST1799,Low_Risk
CUST1800,Medium_Risk
CUST1801,Low_Risk
CUST1802,Medium_Risk
CUST1803,Medium_Risk
CUST1804,Low_Risk
CUST1805,Medium_Risk
CUST1806,High_Risk
CUST1807,Medium_Risk
CUST1808,Medium_Risk
CUST1809,High_Risk
CUST1810,Low_Risk
CUST1811,Medium_Risk
CUST1812,Medium_Risk
CUST1813,High_Risk
CUST1814,Medium_Risk
CUST1815,Low_Risk
CUST1816,Low_Risk
CUST1817,Low_Risk
CUST1818,Low_Risk
CUST1819,Low_Risk
CUST1820,Low_Risk
CUST1821,Low_Risk
CUST1822,Low_Risk
CUST1823,High_Risk
CUST1824,Low_Risk
CUST1825,Medium_Risk
CUST1826,High_Risk
CUST1827,Low_Risk
CUST1828,Low_Risk
CUST1829,Low_Risk
CUST1830,Medium_Risk
CUST1831,Low_Risk
CUST1832,High_Risk
CUST1833,Low_Risk
CUST1834,Medium_Risk
CUST1835,Low_Risk
CUST1836,Low_Risk
CUST1837,High_Risk
CUST1838,Medium_Risk
CUST1839,Low_Risk
CUST1840,Low_Risk
CUST1841,High_Risk
CUST1842,Medium_Risk
CUST1843,Low_Risk
CUST1844,Low_Risk
CUST1845,Medium_Risk
CUST1846,Low_Risk
CUST1847,Medium_Risk
CUST1848,High_Risk
CUST1849,High_Risk
CUST1850,Medium_Risk
CUST1851,High_Risk
CUST1852,Low_Risk
CUST1853,High_Risk
CUST1854,Medium_Risk
CUST1855,Low_Risk
CUST1856,Medium_Risk
CUST1857,Medium_Risk
CUST1858,Medium_Risk
CUST1859,Medium_Risk
CUST1860,High_Risk
CUST1861,Medium_Risk
CUST1862,Low_Risk
CUST1863,Medium_Risk
CUST1864,High_Risk
CUST1865,High_Risk
CUST1866,Medium_Risk
CUST1867,Medium_Risk
CUST1868,High_Risk
CUST1869,Low_Risk
CUST1870,Medium_Risk
CUST1871,Low_Risk
CUST1872,Low_Risk
CUST1873,High_Risk
CUST1874,Low_Risk
CUST1875,Low_Risk
CUST1876,High_Risk
CUST1877,Medium_Risk
CUST1878,Low_Risk
CUST1879,High_Risk
CUST1880,Low_Risk
CUST1881,Medium_Risk
CUST1882,Low_Risk
CUST1883,Low_Risk
CUST1884,Medium_Risk
CUST1885,Medium_Risk
CUST1886,Medium_Risk
CUST1887,Medium_Risk
CUST1888,High_Risk
CUST1889,Low_Risk
CUST1890,High_Risk
CUST1891,High_Risk
CUST1892,High_Risk
CUST1893,Medium_Risk
CUST1894,High_Risk
CUST1895,Low_Risk
CUST1896,Medium_Risk
CUST1897,High_Risk
CUST1898,Low_Risk
CUST1899,Medium_Risk
CUST1900,High_Risk
CUST1901,Low_Risk
CUST1902,Low_Risk
CUST1903,Medium_Risk
CUST1904,Low_Risk
CUST1905,High_Risk
CUST1906,Low_Risk
CUST1907,High_Risk
CUST1908,Medium_Risk
CUST1909,High_Risk
CUST1910,Low_Risk
CUST1911,Medium_Risk
CUST1912,High_Risk
CUST1913,High_Risk
CUST1914,Low_Risk
CUST1915,Low_Risk
CUST1916,Medium_Risk
CUST1917,High_Risk
CUST1918,Low_Risk
CUST1919,High_Risk
CUST1920,Low_Risk
CUST1921,Medium_Risk
CUST1922,Low_Risk
CUST1923,High_Risk
CUST1924,Medium_Risk
CUST1925,Low_Risk
CUST1926,Medium_Risk
CUST1927,Medium_Risk
CUST1928,Medium_Risk
CUST1929,Low_Risk
CUST1930,Medium_Risk
CUST1931,Medium_Risk
CUST1932,High_Risk
CUST1933,High_Risk
CUST1934,Medium_Risk
CUST1935,Medium_Risk
CUST1936,Low_Risk
CUST1937,High_Risk
CUST1938,High_Risk
CUST1939,Medium_Risk
CUST1940,Medium_Risk
CUST1941,High_Risk
CUST1942,Low_Risk
CUST1943,Medium_Risk
CUST1944,High_Risk
CUST1945,High_Risk
CUST1946,Low_Risk
CUST1947,Medium_Risk
CUST1948,High_Risk
CUST1949,High_Risk
CUST1950,Medium_Risk
CUST1951,Low_Risk
CUST1952,Medium_Risk
CUST1953,Low_Risk
CUST1954,Low_Risk
CUST1955,Low_Risk
CUST1956,Medium_Risk
CUST1957,Low_Risk
CUST1958,High_Risk
CUST1959,Medium_Risk
CUST1960,High_Risk
CUST1961,Medium_Risk
CUST1962,Low_Risk
CUST1963,Medium_Risk
CUST1964,Medium_Risk
CUST1965,High_Risk
CUST1966,Medium_Risk
CUST1967,High_Risk
CUST1968,High_Risk
CUST1969,High_Risk
CUST1970,Medium_Risk
CUST1971,High_Risk
CUST1972,High_Risk
CUST1973,Low_Risk
CUST1974,High_Risk
CUST1975,Low_Risk
CUST1976,High_Risk
CUST1977,Low_Risk
CUST1978,Low_Risk
CUST1979,Low_Risk
CUST1980,Medium_Risk
CUST1981,Medium_Risk
CUST1982,Low_Risk
CUST1983,High_Risk
CUST1984,Low_Risk
CUST1985,Low_Risk
CUST1986,High_Risk
CUST1987,High_Risk
CUST1988,Low_Risk
CUST1989,Medium_Risk
CUST1990,High_Risk
CUST1991,Medium_Risk
CUST1992,Low_Risk
CUST1993,Low_Risk
CUST1994,Low_Risk
CUST1995,Medium_Risk
CUST1996,Low_Risk
CUST1997,Medium_Risk
CUST1998,Medium_Risk
CUST1999,Low_Risk
CUST2000,Medium_Risk
